{"rxn01521_c0@0": 0, "rxn00719_c0@0": 0, "rxn01143_c0@0": 0, "rxn16829_c0@0": 0, "rxn16794_c0@0": 0, "rxn16149_c0@0": 0, "rxn02402_c0@1": -0.00431735, "rxn00938_c0@1": 0, "rxn02155_c0@1": 0.00431735, "rxn00105_c0@1": 0, "rxn00077_c0@1": 0.00215868, "rxn00338_c0@1": 0.00431735, "rxn00138_c0@1": 0.00431735, "rxn02988_c0@2": -0.00431735, "rxn02402_c0@2": -0.00431735, "rxn00938_c0@2": 0, "rxn02155_c0@2": 0.00431735, "rxn00105_c0@2": 0, "rxn01265_c0@2": -0.00215868, "rxn01671_c0@2": 0, "rxn00077_c0@2": 0.00215868, "rxn00338_c0@2": 0.00431735, "rxn00138_c0@2": 0.00431735, "rxn01143_c0@3": 0, "rxn01521_c0@3": 0}